hla,locus,hla_class,resolution,parent_hla
HLA-class-I,HLA-class-I,I,class,
HLA-class-II,HLA-class-II,II,class,
A,A,I,class,HLA-class-I
B,B,I,class,HLA-class-I
C,C,I,class,HLA-class-I
DRB1,DRB1,II,class,HLA-class-II
DQB1,DQB1,II,class,HLA-class-II
DPB1,DPB1,II,class,HLA-class-II
HLA-A*01,A,I,2-digit,A
HLA-A*02,A,I,2-digit,A
HLA-A*03,A,I,2-digit,A
HLA-A*11,A,I,2-digit,A
HLA-A*23,A,I,2-digit,A
HLA-A*24,A,I,2-digit,A
HLA-A*25,A,I,2-digit,A
HLA-A*26,A,I,2-digit,A
HLA-A*29,A,I,2-digit,A
HLA-A*30,A,I,2-digit,A
HLA-A*31,A,I,2-digit,A
HLA-A*33,A,I,2-digit,A
HLA-A*68,A,I,2-digit,A
HLA-B*07,B,I,2-digit,B
HLA-B*08,B,I,2-digit,B
HLA-B*13,B,I,2-digit,B
HLA-B*15,B,I,2-digit,B
HLA-B*18,B,I,2-digit,B
HLA-B*27,B,I,2-digit,B
HLA-B*35,B,I,2-digit,B
HLA-B*39,B,I,2-digit,B
HLA-B*40,B,I,2-digit,B
HLA-B*44,B,I,2-digit,B
HLA-B*46,B,I,2-digit,B
HLA-B*51,B,I,2-digit,B
HLA-B*55,B,I,2-digit,B
HLA-B*57,B,I,2-digit,B
HLA-B*58,B,I,2-digit,B
HLA-C*03,C,I,2-digit,C
HLA-C*04,C,I,2-digit,C
HLA-C*06,C,I,2-digit,C
HLA-C*07,C,I,2-digit,C
HLA-C*14,C,I,2-digit,C
HLA-C*17,C,I,2-digit,C
HLA-DRB1*01,DRB1,II,2-digit,DRB1
HLA-DRB1*03,DRB1,II,2-digit,DRB1
HLA-DRB1*04,DRB1,II,2-digit,DRB1
HLA-DRB1*07,DRB1,II,2-digit,DRB1
HLA-DRB1*11,DRB1,II,2-digit,DRB1
HLA-DRB1*13,DRB1,II,2-digit,DRB1
HLA-DRB1*15,DRB1,II,2-digit,DRB1
HLA-DQB1*02,DQB1,II,2-digit,DQB1
HLA-DQB1*03,DQB1,II,2-digit,DQB1
HLA-DQB1*05,DQB1,II,2-digit,DQB1
HLA-DQB1*06,DQB1,II,2-digit,DQB1
HLA-DPB1*01,DPB1,II,2-digit,DPB1
HLA-DPB1*04,DPB1,II,2-digit,DPB1
HLA-A*01:01,A,I,4-digit,HLA-A*01
HLA-A*02:01,A,I,4-digit,HLA-A*02
HLA-A*02:02,A,I,4-digit,HLA-A*02
HLA-A*02:03,A,I,4-digit,HLA-A*02
HLA-A*02:05,A,I,4-digit,HLA-A*02
HLA-A*02:06,A,I,4-digit,HLA-A*02
HLA-A*02:07,A,I,4-digit,HLA-A*02
HLA-A*02:11,A,I,4-digit,HLA-A*02
HLA-A*02:17,A,I,4-digit,HLA-A*02
HLA-A*03:01,A,I,4-digit,HLA-A*03
HLA-A*03:02,A,I,4-digit,HLA-A*03
HLA-A*11:01,A,I,4-digit,HLA-A*11
HLA-A*11:02,A,I,4-digit,HLA-A*11
HLA-A*11:03,A,I,4-digit,HLA-A*11
HLA-A*23:01,A,I,4-digit,HLA-A*23
HLA-A*24:02,A,I,4-digit,HLA-A*24
HLA-A*24:07,A,I,4-digit,HLA-A*24
HLA-A*24:03,A,I,4-digit,HLA-A*24
HLA-A*25:01,A,I,4-digit,HLA-A*25
HLA-A*25:14,A,I,4-digit,HLA-A*25
HLA-A*26:01,A,I,4-digit,HLA-A*26
HLA-A*29:02,A,I,4-digit,HLA-A*29
HLA-A*30:01,A,I,4-digit,HLA-A*30
HLA-A*30:02,A,I,4-digit,HLA-A*30
HLA-A*31:01,A,I,4-digit,HLA-A*31
HLA-A*33:01,A,I,4-digit,HLA-A*33
HLA-A*33:03,A,I,4-digit,HLA-A*33
HLA-A*68:01,A,I,4-digit,HLA-A*68
HLA-A*68:02,A,I,4-digit,HLA-A*68
HLA-A*68:03,A,I,4-digit,HLA-A*68
HLA-B*07:02,B,I,4-digit,HLA-B*07
HLA-B*07:05,B,I,4-digit,HLA-B*07
HLA-B*08:01,B,I,4-digit,HLA-B*08
HLA-B*13:02,B,I,4-digit,HLA-B*13
HLA-B*15:01,B,I,4-digit,HLA-B*15
HLA-B*15:02,B,I,4-digit,HLA-B*15
HLA-B*15:11,B,I,4-digit,HLA-B*15
HLA-B*15:17,B,I,4-digit,HLA-B*15
HLA-B*18:01,B,I,4-digit,HLA-B*18
HLA-B*27:05,B,I,4-digit,HLA-B*27
HLA-B*27:02,B,I,4-digit,HLA-B*27
HLA-B*27:04,B,I,4-digit,HLA-B*27
HLA-B*35:01,B,I,4-digit,HLA-B*35
HLA-B*35:03,B,I,4-digit,HLA-B*35
HLA-B*35:08,B,I,4-digit,HLA-B*35
HLA-B*35:05,B,I,4-digit,HLA-B*35
HLA-B*39:01,B,I,4-digit,HLA-B*39
HLA-B*40:01,B,I,4-digit,HLA-B*40
HLA-B*40:02,B,I,4-digit,HLA-B*40
HLA-B*44:02,B,I,4-digit,HLA-B*44
HLA-B*44:03,B,I,4-digit,HLA-B*44
HLA-B*44:05,B,I,4-digit,HLA-B*44
HLA-B*46:01,B,I,4-digit,HLA-B*46
HLA-B*51:01,B,I,4-digit,HLA-B*51
HLA-B*51:08,B,I,4-digit,HLA-B*51
HLA-B*55:01,B,I,4-digit,HLA-B*55
HLA-B*57:01,B,I,4-digit,HLA-B*57
HLA-B*58:01,B,I,4-digit,HLA-B*58
HLA-C*03:03,C,I,4-digit,HLA-C*03
HLA-C*03:04,C,I,4-digit,HLA-C*03
HLA-C*04:01,C,I,4-digit,HLA-C*04
HLA-C*06:02,C,I,4-digit,HLA-C*06
HLA-C*07:01,C,I,4-digit,HLA-C*07
HLA-C*07:02,C,I,4-digit,HLA-C*07
HLA-C*07:04,C,I,4-digit,HLA-C*07
HLA-C*14:02,C,I,4-digit,HLA-C*14
HLA-C*17:01,C,I,4-digit,HLA-C*17
HLA-DRB1*01:01,DRB1,II,4-digit,HLA-DRB1*01
HLA-DRB1*01:02,DRB1,II,4-digit,HLA-DRB1*01
HLA-DRB1*03:01,DRB1,II,4-digit,HLA-DRB1*03
HLA-DRB1*03:02,DRB1,II,4-digit,HLA-DRB1*03
HLA-DRB1*04:01,DRB1,II,4-digit,HLA-DRB1*04
HLA-DRB1*04:04,DRB1,II,4-digit,HLA-DRB1*04
HLA-DRB1*04:05,DRB1,II,4-digit,HLA-DRB1*04
HLA-DRB1*07:01,DRB1,II,4-digit,HLA-DRB1*07
HLA-DRB1*11:01,DRB1,II,4-digit,HLA-DRB1*11
HLA-DRB1*11:04,DRB1,II,4-digit,HLA-DRB1*11
HLA-DRB1*11:03,DRB1,II,4-digit,HLA-DRB1*11
HLA-DRB1*13:01,DRB1,II,4-digit,HLA-DRB1*13
HLA-DRB1*13:02,DRB1,II,4-digit,HLA-DRB1*13
HLA-DRB1*13:03,DRB1,II,4-digit,HLA-DRB1*13
HLA-DRB1*15:01,DRB1,II,4-digit,HLA-DRB1*15
HLA-DRB1*15:02,DRB1,II,4-digit,HLA-DRB1*15
HLA-DQB1*02:01,DQB1,II,4-digit,HLA-DQB1*02
HLA-DQB1*02:02,DQB1,II,4-digit,HLA-DQB1*02
HLA-DQB1*03:01,DQB1,II,4-digit,HLA-DQB1*03
HLA-DQB1*03:02,DQB1,II,4-digit,HLA-DQB1*03
HLA-DQB1*03:03,DQB1,II,4-digit,HLA-DQB1*03
HLA-DQB1*05:01,DQB1,II,4-digit,HLA-DQB1*05
HLA-DQB1*05:02,DQB1,II,4-digit,HLA-DQB1*05
HLA-DQB1*05:03,DQB1,II,4-digit,HLA-DQB1*05
HLA-DQB1*06:02,DQB1,II,4-digit,HLA-DQB1*06
HLA-DQB1*06:03,DQB1,II,4-digit,HLA-DQB1*06
HLA-DQB1*06:09,DQB1,II,4-digit,HLA-DQB1*06
HLA-DPB1*01:01,DPB1,II,4-digit,HLA-DPB1*01
HLA-DPB1*04:01,DPB1,II,4-digit,HLA-DPB1*04
HLA-DPB1*04:02,DPB1,II,4-digit,HLA-DPB1*04
HLA-mismatch,mismatch,unknown,mismatch_count,
HLA-eplet,eplet,unknown,eplet,
